tag,NormSumRatio,58N_1,58S_1,A1,A2,A3,A4,A5,A6,A7,Qifa_B_1,Qifa_B_2,Qifa_B_3,Qifa_B_4,Qifa_B_5,Qifa_B_6,Qifa_B_7,Qifa_C_1,Qifa_C_2,Qifa_C_3,Qifa_C_4,Qifa_C_5,Qifa_C_6,Qifa_C_7,Qifa_D_1,Qifa_D_2,Qifa_D_3,Qifa_D_4,Qifa_D_5,Qifa_D_6,Qifa_D_7,Qifa_E_1,Qifa_E_2,Qifa_E_3,Qifa_E_4,Qifa_E_5,Qifa_E_6,Qifa_E_7,Qifa_G_1,Qifa_G_2,Qifa_G_3,Qifa_G_4,Qifa_G_5,Qifa_G_6,Qifa_F_1,Qifa_F_2,Qifa_F_3,Qifa_F_4,Qifa_F_5,Qifa_F_6,Qifa_F_7,58N_1,58S_1,A1,A2,A3,A4,A5,A6,A7,Qifa_B_1,Qifa_B_2,Qifa_B_3,Qifa_B_4,Qifa_B_5,Qifa_B_6,Qifa_B_7,Qifa_C_1,Qifa_C_2,Qifa_C_3,Qifa_C_4,Qifa_C_5,Qifa_C_6,Qifa_C_7,Qifa_D_1,Qifa_D_2,Qifa_D_3,Qifa_D_4,Qifa_D_5,Qifa_D_6,Qifa_D_7,Qifa_E_1,Qifa_E_2,Qifa_E_3,Qifa_E_4,Qifa_E_5,Qifa_E_6,Qifa_E_7,Qifa_G_1,Qifa_G_2,Qifa_G_3,Qifa_G_4,Qifa_G_5,Qifa_G_6,Qifa_F_1,Qifa_F_2,Qifa_F_3,Qifa_F_4,Qifa_F_5,Qifa_F_6,Qifa_F_7
TCACATTGGTGTAGCACATCA,0,0,0,0,2,18,27,30,18,8,1,5,23,13,16,20,4,0,0,18,10,4,4,4,0,1,11,17,9,1,14,0,0,9,17,20,14,1,1,9,5,2,12,8,0,1,10,22,11,11,0
CATCCTCCATGAGATAAAGGA,0,0,0,0,5,84,125,6,4,4,1,13,61,80,14,1,0,0,4,70,82,1,0,1,0,1,68,50,6,0,0,1,4,34,60,3,2,0,2,40,1,6,35,1,0,2,54,60,1,1,1
AGCTGCAGTGTCAGGGGCGAC,0,0,1,0,3,79,158,15,9,0,1,6,52,105,12,5,3,7,13,40,146,8,1,0,0,2,27,62,7,1,1,0,17,101,50,20,8,0,15,74,1,30,71,2,1,26,139,66,7,3,0
CTATGCAACTCTACGGGATCC,0,0,0,0,4,40,55,53,50,32,1,12,61,41,45,45,9,6,17,102,140,61,59,12,1,4,81,38,25,52,4,0,1,25,31,42,23,13,2,26,34,6,17,20,1,4,70,37,36,23,6
CCGAGCTATAACTATGTGCCC,0,0,0,1,2,174,117,53,34,0,1,16,125,193,43,16,4,2,4,56,98,26,11,2,3,7,240,229,70,23,6,0,10,196,172,95,32,8,12,184,20,19,223,10,1,4,252,179,66,8,16
TAGGGCACGCACCGCTTGCGG,0,0,1,1,8,38,62,51,57,48,0,8,51,63,37,22,12,3,11,130,124,60,96,15,1,1,34,32,31,20,16,0,1,15,33,46,29,4,2,31,10,4,25,7,1,1,19,32,20,23,9
CTACACAACCACATCCGAGCA,0,0,0,0,6,98,124,73,80,56,1,11,86,99,55,42,13,0,3,40,53,18,12,2,1,3,175,116,102,43,27,1,3,99,148,94,89,13,6,73,63,11,69,38,0,4,74,100,56,67,9
TTTAGTTCTGGATCAACGGGA,0,0,1,2,11,133,183,177,180,136,1,22,168,167,94,80,36,7,9,102,98,57,80,15,2,4,204,184,262,221,101,0,4,158,246,242,198,78,6,105,100,16,123,96,0,14,167,195,195,152,44
CGTAATAAGAAGCGTCATCAG,0,0,0,0,2,36,52,13,2,4,0,10,34,54,16,4,4,2,7,25,30,1,1,0,0,2,38,49,1,3,5,0,5,59,39,17,4,1,2,23,4,8,30,1,0,3,65,51,4,3,2
CGTAATAAGAAGCGTCATCAG,0,0,0,0,2,36,52,13,2,4,0,10,34,54,16,4,4,2,7,25,30,1,1,0,0,2,38,49,1,3,5,0,5,59,39,17,4,1,2,23,4,8,30,1,0,3,65,51,4,3,2
GTGAGATAGTGTCTGCTAGGA,0,0,0,0,2,50,86,1,0,0,1,13,62,62,0,0,0,1,4,38,34,2,1,0,1,3,20,33,3,2,0,0,1,20,29,2,1,0,4,48,1,11,56,0,0,1,30,40,0,3,0
CTATACAACTCTTTCCGGTTG,0,0,0,0,1,27,22,7,4,0,0,6,27,27,8,0,4,0,2,9,10,0,3,0,0,1,15,22,9,3,3,0,1,26,30,10,12,5,2,25,5,2,30,7,0,2,41,39,6,5,2
CTGGCCAACTGCTAGAAAGGC,0,0,3,0,12,94,94,15,9,4,1,34,90,118,23,1,0,1,8,52,62,4,0,0,1,18,115,191,19,3,2,1,19,188,191,38,5,1,43,194,7,68,206,2,0,29,234,188,12,2,1
AAGCTACAGAACATCCCCGCT,0,0,0,0,1,15,18,3,0,0,0,6,22,11,0,1,1,0,5,17,11,0,0,1,0,0,18,7,0,0,1,0,0,6,9,3,4,0,2,9,0,3,13,1,0,2,12,8,0,2,0
TCCGGTTCCTAATTCTGTTAC,0,0,0,1,1,243,283,129,107,104,1,16,180,240,78,76,58,2,4,104,135,40,31,10,1,1,55,116,39,94,46,1,1,72,78,109,69,30,4,122,87,4,93,62,0,1,64,111,47,42,20
TCCGGTTCCTAATTCTGTTAC,0,0,0,1,1,243,283,129,107,104,1,16,180,240,78,76,58,2,4,104,135,40,31,10,1,1,55,116,39,94,46,1,1,72,78,109,69,30,4,122,87,4,93,62,0,1,64,111,47,42,20
ATGTCACCTAGTCCAACCGTC,0,0,0,0,10,32,38,63,91,52,0,14,43,30,70,46,29,1,12,40,36,29,37,5,1,5,74,74,63,62,62,0,9,45,59,142,103,30,27,60,28,12,92,38,0,10,53,90,89,89,47
TTCTCTCAAACTTGGGCGCCT,0,0,0,0,6,47,72,31,20,16,0,10,64,50,16,8,9,2,3,43,32,8,10,1,0,1,35,28,4,4,8,1,2,17,34,21,12,1,1,21,11,3,25,10,1,1,22,36,12,14,5
CAGGGTCACAAGCAAAAGGAG,0,0,0,0,0,26,47,10,2,0,0,2,25,35,8,1,0,1,1,35,56,3,1,1,0,0,14,27,3,3,0,0,0,15,21,10,4,0,1,17,1,2,10,2,0,0,16,28,1,1,0
GATAGTCCCAGAACTCGGGAA,0,0,0,0,0,20,23,4,0,0,0,3,22,25,0,0,0,1,0,3,2,0,0,0,1,3,27,23,1,0,0,0,1,33,33,2,1,0,2,22,0,2,19,0,0,6,40,28,1,0,0
TCTAGCATGCTGTACGTCCGG,0,2,2,0,3,21,27,46,43,20,1,3,25,26,39,29,9,2,1,22,52,38,45,6,0,1,26,24,44,24,23,0,1,16,25,45,22,17,1,22,31,1,11,16,0,3,46,22,40,24,5
TTGTACGGTAGCTTTTGCATG,0,0,0,0,3,17,21,13,30,20,0,4,16,17,10,18,10,0,0,6,6,6,1,0,0,1,13,12,4,14,8,1,1,14,8,18,15,5,2,14,10,4,13,10,0,2,22,15,17,8,5
CGCAATTAGGACGCCATAGAT,0,0,1,0,0,26,33,3,0,0,1,4,22,26,0,0,0,0,2,9,8,0,1,0,0,1,30,38,1,1,2,0,1,26,32,3,0,0,3,28,1,2,32,0,0,1,31,42,2,1,0
GTACAAGGATTCGCACGAGCT,0,0,0,0,0,15,24,0,2,0,0,3,9,10,0,0,0,0,0,19,9,2,1,0,1,1,26,16,0,2,0,0,0,15,15,1,2,0,1,15,1,2,20,4,0,1,17,20,0,0,0
AGTCCATGGTCACTCTGCCAT,0,0,0,0,2,27,33,4,2,0,0,2,11,23,0,0,0,1,2,18,22,0,0,0,0,3,10,12,0,0,0,0,1,11,9,3,2,0,1,15,0,1,15,0,0,1,16,17,0,0,0
CCACCGGTCAGCCTTTGATGG,0,0,0,1,1,90,162,84,30,0,2,5,84,138,80,2,0,27,27,976,1036,172,33,2,1,1,49,48,7,1,0,0,1,34,50,7,0,0,1,56,1,3,25,1,0,1,76,43,6,0,0
GCTGTCGCTGAGATCAAAGCC,0,0,0,0,2,25,33,4,4,0,1,7,32,33,12,1,0,2,9,21,15,3,0,0,0,3,37,35,4,1,1,0,2,36,32,4,0,0,8,35,1,9,46,0,0,3,46,37,7,0,0
ATTGTCACACACGTAGAGGAA,0,0,1,0,1,23,35,24,36,16,0,3,19,34,16,8,6,1,1,7,12,3,6,4,0,8,93,124,72,43,51,0,4,73,80,73,64,33,4,33,36,5,43,34,0,8,53,73,49,59,25
TTTAGTTCTGGATCAACGGGA,0,0,1,2,11,133,183,177,180,136,1,22,168,167,94,80,36,7,9,102,98,57,80,15,2,4,204,184,262,221,101,0,4,158,246,242,198,78,6,105,100,16,123,96,0,14,167,195,195,152,44
TAATAGTTCGGTAGGGCTTGA,0,1,6,0,9,17,42,159,143,76,1,9,39,36,207,112,48,2,3,15,20,25,48,11,0,5,100,90,102,103,64,0,4,39,102,188,75,41,14,40,79,16,47,66,0,7,61,67,101,60,60
CTGCAAACATGTCGACCTGCT,0,0,2,2,8,52,41,49,66,72,1,21,56,48,68,62,23,3,19,38,45,22,37,7,0,9,71,69,69,79,17,0,5,70,52,63,52,26,28,53,144,26,73,66,0,15,135,66,40,43,25
TACACATCTGCAGCCTGAGAG,0,0,0,1,0,92,84,91,98,24,1,8,64,79,47,68,15,1,1,26,27,24,17,5,1,4,88,111,133,88,72,0,3,60,87,154,119,21,1,46,51,2,46,56,0,4,51,54,54,68,21
CGCCACTGCAGTTTTCAACTC,0,0,0,0,3,40,50,4,2,0,0,8,33,48,2,0,3,1,2,10,11,0,0,0,1,4,44,79,4,3,1,0,3,53,80,10,2,1,9,59,0,11,86,0,0,7,48,91,3,1,0
CCTCAGAGAGTCATAGTACAG,0,1,0,0,2,32,58,7,0,0,0,3,24,32,4,1,0,2,7,41,29,1,0,0,0,2,14,31,1,1,0,1,1,6,34,4,1,0,1,25,0,3,15,0,0,1,8,38,0,3,0
TGCCCAAAGGTTGTACTGTTA,0,0,0,0,0,29,26,35,29,24,0,2,21,40,31,29,20,0,1,4,10,8,6,1,2,2,51,77,56,46,23,0,1,73,55,89,46,34,4,53,96,10,64,36,0,4,76,67,41,27,18
TGTGAAAAGCACTGGAAACCT,0,0,0,0,12,253,253,201,137,28,2,51,270,335,273,259,113,2,7,111,73,28,44,5,2,23,364,498,376,228,187,1,12,350,458,543,279,164,20,192,243,38,406,170,0,31,355,426,343,207,132
CTCTATCTGTAGGCTATGGCG,0,0,0,0,2,59,59,8,5,0,0,7,54,59,16,1,1,0,0,17,29,3,2,0,1,5,101,130,13,14,1,0,2,78,110,20,8,4,9,76,8,11,82,3,0,5,107,97,10,2,1
TGTCGTGAGACGGATCGTCTT,0,1,20,0,3,36,39,14,21,16,0,8,40,35,14,16,1,0,0,8,9,3,2,0,1,6,73,69,19,13,6,0,3,68,46,31,14,2,9,37,13,15,42,14,0,9,81,45,17,8,1
ATCTGTAGGACTCTAGCACGT,0,0,0,0,2,56,43,10,4,8,1,11,62,39,10,0,1,1,3,38,27,2,2,1,2,5,90,58,1,3,1,0,3,76,49,11,4,4,6,63,4,17,80,4,0,7,91,55,5,1,0
CGTTTAAAAATGTACTGGCCA,0,0,0,0,0,82,53,13,14,4,1,4,47,108,18,12,4,0,2,19,47,3,6,1,1,0,80,80,15,9,1,0,2,62,70,27,9,5,4,85,19,7,53,8,0,2,68,65,16,10,4
TCCGTTCATATCAAAAATGCG,0,0,0,0,0,49,23,37,39,40,0,5,36,68,72,133,31,2,11,40,108,59,49,5,0,3,33,41,23,18,33,0,3,37,31,52,45,53,11,38,78,22,40,50,0,9,48,39,42,59,32
CCACATATACAAGCGGCGGAG,0,1,3,1,1,25,33,6,4,0,0,6,34,30,8,0,0,2,2,38,37,6,1,0,0,3,30,38,1,2,0,0,1,23,27,10,1,0,2,19,0,2,27,1,0,1,28,36,1,0,0
GCATGCGATCTGAAGTTAGCT,0,0,0,0,6,56,72,0,0,0,1,15,70,55,0,0,0,3,2,24,23,0,0,0,1,1,36,42,0,0,0,0,2,38,42,1,0,0,9,44,0,12,57,1,0,5,60,47,0,0,0
CTGGGTAGTAGAATCCTATCA,0,0,0,0,2,12,17,3,4,0,1,1,14,10,6,0,0,0,0,0,1,1,0,0,1,0,6,17,1,0,1,0,1,7,11,7,4,1,1,7,1,1,4,0,0,1,7,20,3,5,0
TGCTGCAGAGTTCAACACGAG,0,0,2,0,4,17,28,49,48,64,0,5,21,29,37,39,25,1,1,9,4,7,6,1,1,4,28,57,72,20,62,0,5,28,45,96,58,20,4,18,47,4,30,51,0,4,31,51,48,19,20
CAGAGGTCGGAAGCAACGTAT,0,3,18,0,9,19,20,1,2,0,0,7,18,22,4,0,0,0,1,18,7,0,0,0,0,4,43,32,6,3,1,0,2,25,41,5,2,2,4,17,2,12,37,3,0,4,28,41,3,0,0
AACATAAGAGGCCTGAGAGAT,0,0,2,0,7,36,37,20,20,20,0,6,29,28,8,8,3,0,1,10,3,2,2,0,0,1,19,13,10,5,8,1,2,10,20,3,11,1,4,9,5,4,18,5,1,1,8,13,4,2,0
AGATAGTGGGTCAGTTGTTCC,0,0,0,0,2,25,27,1,0,0,0,2,22,22,0,0,0,1,5,26,19,3,0,0,0,0,13,6,0,1,0,0,1,10,4,1,0,1,0,10,0,2,11,1,1,1,13,7,0,4,0
GATCCGAAGCCGACGGCCGCG,0,0,0,0,0,23,17,6,0,0,0,1,12,16,4,0,0,2,2,5,8,3,0,0,0,0,12,31,4,2,0,0,1,29,24,7,5,1,0,24,0,3,24,1,0,1,28,20,3,0,0
TGCTTAGCTCTCAGCACTGCT,0,0,0,1,6,37,89,107,112,120,2,4,38,47,57,51,28,1,0,26,27,10,27,5,0,0,18,27,72,37,31,0,1,19,43,72,65,18,2,29,37,4,20,31,0,2,25,35,62,61,17
CTACACAGTACAGAAGGGTTG,0,0,0,0,11,31,44,8,4,0,1,11,35,41,0,5,0,0,0,30,22,2,0,0,0,3,51,53,12,5,3,0,5,35,48,18,5,2,8,43,7,8,53,8,0,7,37,40,5,4,4
CTACTGTATAGCATTGCCAGT,0,0,0,0,13,86,102,11,4,4,1,24,91,68,8,5,0,0,6,45,35,1,2,0,1,5,102,130,19,5,8,0,10,125,174,30,6,1,24,134,6,39,175,8,0,7,129,148,10,7,0
ATCGTGACGATGGTGAACACA,0,0,0,0,1,63,63,23,23,16,1,8,86,86,35,18,4,0,2,14,14,1,5,1,2,7,185,134,53,17,25,0,4,158,132,64,19,9,5,82,41,24,138,21,0,8,197,100,27,19,17
ATTCTACTTGCTACTATACTC,0,0,0,0,0,66,51,25,20,24,0,6,50,68,16,22,7,1,2,37,74,8,4,2,1,6,70,79,37,81,24,0,6,129,65,57,25,16,8,90,81,28,88,60,0,15,161,66,33,25,16
CAAACGAGATGTATGTGGCTC,0,0,0,2,3,385,452,39,18,16,1,17,472,572,55,14,4,2,7,84,221,1,4,0,4,18,312,317,20,9,2,1,7,359,279,49,2,4,12,347,40,22,449,33,0,13,536,204,9,8,5
GTAACGGAGAGAACTCAGGTT,0,0,0,0,11,198,179,37,29,20,1,46,197,178,31,4,3,1,9,45,73,9,1,1,4,27,313,276,37,24,3,1,22,342,244,61,8,5,46,278,18,91,405,7,0,36,405,308,42,7,6
CAGAAATGCTCATGCTGTCTC,0,0,0,0,2,40,33,4,0,8,0,9,34,51,2,1,0,0,2,31,28,2,0,0,0,2,26,29,3,1,0,0,3,30,23,5,0,0,8,46,2,11,55,3,0,4,28,33,1,0,0
ATCTGTAGGACTCTAGCACGT,0,0,0,0,2,56,43,10,4,8,1,11,62,39,10,0,1,1,3,38,27,2,2,1,2,5,90,58,1,3,1,0,3,76,49,11,4,4,6,63,4,17,80,4,0,7,91,55,5,1,0
AACAACAATGCTATCGGTCGC,0,0,1,2,77,300,405,697,665,397,5,66,403,350,517,196,128,53,149,1110,959,694,594,246,3,9,258,149,180,250,109,0,3,94,170,194,219,54,12,205,109,24,97,93,0,6,139,175,152,258,53
AACACATTGAACCATTGGTTG,0,0,0,0,0,23,20,8,5,0,1,3,22,18,6,8,1,0,0,13,6,3,4,0,0,1,7,15,9,1,10,0,1,7,13,21,16,6,1,9,6,3,8,6,0,1,6,15,10,13,4
ACAATGGAGATGCCTGGATGA,0,0,5,0,5,34,25,13,5,0,0,14,34,36,10,8,1,1,4,19,14,1,1,0,0,5,43,48,18,12,11,1,4,42,45,27,22,5,7,28,4,12,32,1,0,8,31,54,19,16,5
GACGATGATGGTTTCCTGTAG,0,0,1,0,1,13,23,1,0,0,0,4,22,19,0,0,0,0,0,8,7,0,0,0,0,2,28,27,0,1,0,0,1,21,33,3,0,0,2,23,0,4,22,0,0,2,17,41,1,0,0
GTACACAGATGTCTTGATGGT,0,0,1,0,1,19,22,23,12,0,0,6,18,28,2,12,1,0,4,10,11,3,2,0,0,3,11,19,4,0,6,0,1,22,12,2,5,2,6,32,7,9,30,6,0,6,28,27,2,6,1
CAACGCCAGCAAGCAGGATGA,0,1,0,0,2,19,27,17,11,4,1,6,12,30,10,6,3,2,4,10,30,8,5,2,1,0,9,14,9,7,2,0,1,5,24,7,5,1,2,31,4,4,20,6,0,1,8,21,4,3,1
CACAGAACATCATTCTTGCCT,0,0,0,0,0,48,62,13,5,12,1,5,59,60,16,5,1,5,18,141,169,13,17,2,0,2,74,28,4,0,1,0,1,32,30,7,2,0,2,29,3,6,28,5,0,3,79,29,1,0,0
CAAGCTCTCATTCACTGACGA,0,0,0,0,1,15,18,10,5,12,1,1,12,18,4,4,1,0,2,17,35,6,7,0,0,1,11,14,3,1,2,0,1,11,11,7,2,3,2,8,8,4,10,7,0,2,26,8,6,3,1
TAGCATAGGAGGGTCTGAGAT,0,3,8,0,5,88,136,52,46,16,1,10,108,132,51,32,17,1,3,47,53,15,15,2,2,8,79,180,89,90,39,0,8,129,228,152,109,17,15,162,64,26,160,61,0,8,146,171,77,41,12
TTTCTCATGCATCCGAGGCTG,0,0,2,1,2,51,104,44,25,32,0,13,49,58,16,25,19,0,2,12,13,2,9,1,0,5,39,61,44,20,27,0,5,35,101,62,34,19,4,44,25,5,41,15,0,5,32,64,28,25,15
TTTCTCATGCATCCGAGGCTG,0,0,2,1,2,51,104,44,25,32,0,13,49,58,16,25,19,0,2,12,13,2,9,1,0,5,39,61,44,20,27,0,5,35,101,62,34,19,4,44,25,5,41,15,0,5,32,64,28,25,15
TCCGGTTCCTAATTCTGTTAC,0,0,0,1,1,243,283,129,107,104,1,16,180,240,78,76,58,2,4,104,135,40,31,10,1,1,55,116,39,94,46,1,1,72,78,109,69,30,4,122,87,4,93,62,0,1,64,111,47,42,20
TCCGGTTCCTAATTCTGTTAC,0,0,0,1,1,243,283,129,107,104,1,16,180,240,78,76,58,2,4,104,135,40,31,10,1,1,55,116,39,94,46,1,1,72,78,109,69,30,4,122,87,4,93,62,0,1,64,111,47,42,20
TCCGGTTCCTAATTCTGTTAC,0,0,0,1,1,243,283,129,107,104,1,16,180,240,78,76,58,2,4,104,135,40,31,10,1,1,55,116,39,94,46,1,1,72,78,109,69,30,4,122,87,4,93,62,0,1,64,111,47,42,20
TCCGGTTCCTAATTCTGTTAC,0,0,0,1,1,243,283,129,107,104,1,16,180,240,78,76,58,2,4,104,135,40,31,10,1,1,55,116,39,94,46,1,1,72,78,109,69,30,4,122,87,4,93,62,0,1,64,111,47,42,20
TCCGGTTCCTAATTCTGTTAC,0,0,0,1,1,243,283,129,107,104,1,16,180,240,78,76,58,2,4,104,135,40,31,10,1,1,55,116,39,94,46,1,1,72,78,109,69,30,4,122,87,4,93,62,0,1,64,111,47,42,20
TCCGGTTCCTAATTCTGTTAC,0,0,0,1,1,243,283,129,107,104,1,16,180,240,78,76,58,2,4,104,135,40,31,10,1,1,55,116,39,94,46,1,1,72,78,109,69,30,4,122,87,4,93,62,0,1,64,111,47,42,20
TCCGGTTCCTAATTCTGTTAC,0,0,0,1,1,243,283,129,107,104,1,16,180,240,78,76,58,2,4,104,135,40,31,10,1,1,55,116,39,94,46,1,1,72,78,109,69,30,4,122,87,4,93,62,0,1,64,111,47,42,20
TCCGGTTCCTAATTCTGTTAC,0,0,0,1,1,243,283,129,107,104,1,16,180,240,78,76,58,2,4,104,135,40,31,10,1,1,55,116,39,94,46,1,1,72,78,109,69,30,4,122,87,4,93,62,0,1,64,111,47,42,20
TCCGGTTCCTAATTCTGTTAC,0,0,0,1,1,243,283,129,107,104,1,16,180,240,78,76,58,2,4,104,135,40,31,10,1,1,55,116,39,94,46,1,1,72,78,109,69,30,4,122,87,4,93,62,0,1,64,111,47,42,20
TCCGGTTCCTAATTCTGTTAC,0,0,0,1,1,243,283,129,107,104,1,16,180,240,78,76,58,2,4,104,135,40,31,10,1,1,55,116,39,94,46,1,1,72,78,109,69,30,4,122,87,4,93,62,0,1,64,111,47,42,20
TCCGGTTCCTAATTCTGTTAC,0,0,0,1,1,243,283,129,107,104,1,16,180,240,78,76,58,2,4,104,135,40,31,10,1,1,55,116,39,94,46,1,1,72,78,109,69,30,4,122,87,4,93,62,0,1,64,111,47,42,20
TCCGGTTCCTAATTCTGTTAC,0,0,0,1,1,243,283,129,107,104,1,16,180,240,78,76,58,2,4,104,135,40,31,10,1,1,55,116,39,94,46,1,1,72,78,109,69,30,4,122,87,4,93,62,0,1,64,111,47,42,20
GTCAGACAAAGGAGCACCGAC,0,0,0,0,2,25,29,1,0,0,0,3,24,13,2,0,0,0,7,32,25,1,1,0,0,1,6,1,1,0,0,0,0,3,3,0,0,0,1,4,0,1,2,0,0,1,6,2,0,0,0
CTATATGAGAACCAGGAATCA,0,0,2,0,2,106,105,15,14,4,1,8,61,119,8,7,6,1,1,13,30,0,3,0,1,4,56,86,10,3,6,1,6,55,53,19,11,0,8,97,15,17,118,14,0,4,31,57,6,10,1
TCGATGTAGAGCATCACCACT,0,0,0,1,24,174,283,252,407,241,1,42,331,215,201,158,83,2,3,49,40,18,36,4,2,18,520,395,528,197,341,1,14,321,575,601,468,160,35,226,257,51,274,148,1,28,375,455,383,376,164
CAAGCTCTCATGATTAGCGCT,0,0,0,0,1,38,55,20,11,32,0,2,13,27,10,7,0,2,2,36,102,30,26,8,0,0,8,8,3,3,2,0,0,5,8,3,7,4,0,7,7,1,5,5,0,1,12,12,5,1,0
GCAGCAGCTAATTGGAATTGC,0,0,0,0,9,76,31,6,7,0,0,9,61,64,12,2,0,7,14,207,292,24,6,0,0,1,39,21,1,0,0,0,1,27,19,3,0,0,7,30,0,12,44,0,0,2,35,28,4,1,0
CTGGGTACTGATTTCTGCTAT,0,0,0,0,0,25,20,13,2,4,0,1,23,32,6,4,4,4,4,42,59,8,9,2,1,1,32,28,6,13,0,0,0,31,24,8,8,3,4,40,9,4,29,17,0,2,49,30,6,3,5
TAGGTTACCATGTCTTCTGCA,0,0,0,0,2,36,34,30,36,28,0,11,32,36,25,22,9,1,1,16,11,4,15,0,0,3,23,28,41,51,17,0,4,23,28,55,33,8,2,15,48,2,25,22,0,4,16,29,25,18,9
TAGGTTACCATGTCTTCTGCA,0,0,0,0,2,36,34,30,36,28,0,11,32,36,25,22,9,1,1,16,11,4,15,0,0,3,23,28,41,51,17,0,4,23,28,55,33,8,2,15,48,2,25,22,0,4,16,29,25,18,9
TAGGTTACCATGTCTTCTGCA,0,0,0,0,2,36,34,30,36,28,0,11,32,36,25,22,9,1,1,16,11,4,15,0,0,3,23,28,41,51,17,0,4,23,28,55,33,8,2,15,48,2,25,22,0,4,16,29,25,18,9
TAGGTTACCATGTCTTCTGCA,0,0,0,0,2,36,34,30,36,28,0,11,32,36,25,22,9,1,1,16,11,4,15,0,0,3,23,28,41,51,17,0,4,23,28,55,33,8,2,15,48,2,25,22,0,4,16,29,25,18,9
CTTTACGATTTCCTGGAGCTG,0,0,1,0,5,46,42,8,0,0,0,14,68,44,12,0,0,1,5,31,37,2,0,0,0,2,54,35,7,0,0,0,2,29,61,11,2,0,4,28,0,7,27,2,0,4,52,56,1,0,1
CAGTCAGGATCAGTCTAGGTG,0,1,5,0,3,78,92,17,9,0,0,14,89,101,21,4,3,1,3,61,62,2,0,1,1,5,93,74,12,6,5,0,2,60,93,22,1,1,7,69,4,20,72,6,0,8,87,88,7,7,1
TGCTACGGTGATGATGCTCGC,0,0,0,0,3,35,59,68,29,36,0,8,41,44,31,33,23,2,4,33,43,42,46,8,0,3,9,21,25,25,9,0,1,11,22,19,20,4,1,19,15,3,14,13,0,1,7,30,19,4,9
TTCTACATCCTCAAATATCCT,0,0,0,0,2,25,23,45,39,28,0,4,19,35,55,35,17,1,2,13,22,12,11,2,0,1,25,27,45,42,33,0,1,24,27,74,47,25,5,48,61,6,27,38,0,1,38,28,45,51,17
CAAACAGCAGAAGCGTACCCG,0,0,1,1,10,115,82,23,37,16,0,32,130,153,27,34,9,0,9,48,90,11,7,3,1,12,165,184,42,33,20,1,15,115,195,77,39,16,13,103,31,24,106,26,0,21,141,169,38,47,10
CTTTTGGCATCTCTCAGTCCT,0,0,0,1,20,80,154,42,27,16,1,21,101,119,39,19,3,2,16,136,113,13,12,3,1,5,71,58,18,12,5,0,4,49,88,31,13,4,8,34,10,14,52,10,0,6,59,87,13,10,2
CTTTACGATTTCCTGGAGCTG,0,0,1,0,5,46,42,8,0,0,0,14,68,44,12,0,0,1,5,31,37,2,0,0,0,2,54,35,7,0,0,0,2,29,61,11,2,0,4,28,0,7,27,2,0,4,52,56,1,0,1
GTTTCAGTCAAAGTGTCTTGC,0,0,0,1,0,79,41,8,5,0,1,9,33,69,2,8,1,5,20,193,331,29,17,4,0,1,13,25,3,1,2,0,3,41,17,4,8,4,12,45,7,16,62,6,0,3,33,28,2,8,2
TTTCGCCCATTGCTACCCATT,0,0,0,1,2,61,66,32,54,24,1,7,87,72,35,16,7,0,2,59,61,12,7,1,0,2,44,44,25,24,10,0,1,32,52,24,15,3,3,39,9,2,32,7,0,2,46,73,23,10,5
TCCGGTTCCTAATTCTGTTAC,0,0,0,1,1,243,283,129,107,104,1,16,180,240,78,76,58,2,4,104,135,40,31,10,1,1,55,116,39,94,46,1,1,72,78,109,69,30,4,122,87,4,93,62,0,1,64,111,47,42,20
TCCGGTTCCTAATTCTGTTAC,0,0,0,1,1,243,283,129,107,104,1,16,180,240,78,76,58,2,4,104,135,40,31,10,1,1,55,116,39,94,46,1,1,72,78,109,69,30,4,122,87,4,93,62,0,1,64,111,47,42,20
TCCGGTTCCTAATTCTGTTAC,0,0,0,1,1,243,283,129,107,104,1,16,180,240,78,76,58,2,4,104,135,40,31,10,1,1,55,116,39,94,46,1,1,72,78,109,69,30,4,122,87,4,93,62,0,1,64,111,47,42,20
TCCGGTTCCTAATTCTGTTAC,0,0,0,1,1,243,283,129,107,104,1,16,180,240,78,76,58,2,4,104,135,40,31,10,1,1,55,116,39,94,46,1,1,72,78,109,69,30,4,122,87,4,93,62,0,1,64,111,47,42,20
TCCGGTTCCTAATTCTGTTAC,0,0,0,1,1,243,283,129,107,104,1,16,180,240,78,76,58,2,4,104,135,40,31,10,1,1,55,116,39,94,46,1,1,72,78,109,69,30,4,122,87,4,93,62,0,1,64,111,47,42,20
TCCGGTTCCTAATTCTGTTAC,0,0,0,1,1,243,283,129,107,104,1,16,180,240,78,76,58,2,4,104,135,40,31,10,1,1,55,116,39,94,46,1,1,72,78,109,69,30,4,122,87,4,93,62,0,1,64,111,47,42,20
TCCGGTTCCTAATTCTGTTAC,0,0,0,1,1,243,283,129,107,104,1,16,180,240,78,76,58,2,4,104,135,40,31,10,1,1,55,116,39,94,46,1,1,72,78,109,69,30,4,122,87,4,93,62,0,1,64,111,47,42,20
TCCGGTTCCTAATTCTGTTAC,0,0,0,1,1,243,283,129,107,104,1,16,180,240,78,76,58,2,4,104,135,40,31,10,1,1,55,116,39,94,46,1,1,72,78,109,69,30,4,122,87,4,93,62,0,1,64,111,47,42,20
TCCGGTTCCTAATTCTGTTAC,0,0,0,1,1,243,283,129,107,104,1,16,180,240,78,76,58,2,4,104,135,40,31,10,1,1,55,116,39,94,46,1,1,72,78,109,69,30,4,122,87,4,93,62,0,1,64,111,47,42,20
TCCGGTTCCTAATTCTGTTAC,0,0,0,1,1,243,283,129,107,104,1,16,180,240,78,76,58,2,4,104,135,40,31,10,1,1,55,116,39,94,46,1,1,72,78,109,69,30,4,122,87,4,93,62,0,1,64,111,47,42,20
TGATTCGTTGGTTGGTGTCAA,0,0,1,0,1,25,23,6,2,0,0,4,16,25,10,4,6,0,2,11,13,5,5,0,0,1,9,11,4,4,3,0,2,9,8,7,2,3,1,8,9,3,16,3,0,1,10,14,4,5,1
TTTCTCATGCATCCGAGGCTG,0,0,2,1,2,51,104,44,25,32,0,13,49,58,16,25,19,0,2,12,13,2,9,1,0,5,39,61,44,20,27,0,5,35,101,62,34,19,4,44,25,5,41,15,0,5,32,64,28,25,15
TCGATGTAGAGCATCACCACT,0,0,0,1,24,174,283,252,407,241,1,42,331,215,201,158,83,2,3,49,40,18,36,4,2,18,520,395,528,197,341,1,14,321,575,601,468,160,35,226,257,51,274,148,1,28,375,455,383,376,164
TACATCACTATTTCGTTCTCT,0,1,0,0,0,58,57,61,62,88,1,7,37,82,43,78,41,0,1,10,30,25,26,5,0,1,32,39,34,20,32,0,2,39,35,58,50,26,5,44,112,8,34,63,0,1,49,42,32,47,21
ATGGACTGAAGTAGACGTGGA,0,4,14,0,3,159,243,215,196,128,1,16,142,230,199,181,45,10,22,175,313,121,94,17,1,17,310,352,292,600,143,1,13,296,324,455,249,147,21,216,128,45,231,135,1,29,466,393,365,350,168
ACAGTGGATTGATACGGTTCA,0,0,1,0,1,84,62,14,27,16,1,8,60,88,18,24,6,5,4,40,53,8,5,4,1,4,49,74,23,23,18,0,4,64,45,44,22,22,5,76,28,10,74,27,0,2,86,73,26,13,14
TTGTACGGTAGCTTTTGCATG,0,0,0,0,3,17,21,13,30,20,0,4,16,17,10,18,10,0,0,6,6,6,1,0,0,1,13,12,4,14,8,1,1,14,8,18,15,5,2,14,10,4,13,10,0,2,22,15,17,8,5
GATCGACAAGTATGGGCAGGA,0,0,1,0,2,26,28,0,0,4,1,6,21,21,2,1,0,1,6,31,29,1,0,0,0,1,9,9,0,0,0,0,1,10,12,0,0,0,1,13,0,2,7,0,0,1,10,10,1,0,0
TAAAATGAAACGGAGGAAGTA,0,0,0,0,1,15,17,4,2,8,0,2,12,18,8,6,4,0,2,10,14,3,5,0,0,2,21,27,16,20,5,0,1,31,22,5,15,7,1,18,21,4,17,10,0,2,36,22,8,19,5
TTGTACTATCATATGCCTTGG,0,0,0,3,45,883,608,1264,2132,2095,10,151,752,844,1643,2224,543,61,167,744,1435,851,782,224,6,120,1576,744,1194,1041,379,1,77,998,454,1471,785,599,127,499,4596,246,530,2813,1,159,3138,499,1086,1062,557
GTTTGGTCAAGCTTTGATTCT,0,0,0,0,2,56,29,3,2,4,1,7,42,56,2,5,0,0,0,11,10,2,1,1,1,6,54,41,9,1,3,0,10,79,38,11,4,5,15,85,7,32,74,6,1,7,77,48,2,3,1
CTCCATGATTTTGTAGTGCCA,0,1,0,1,7,596,628,48,18,8,1,61,400,633,33,18,4,7,11,345,544,8,13,1,4,53,463,582,37,7,4,2,30,540,467,61,4,8,31,337,22,111,373,13,1,38,565,399,11,7,4
CTGAACAAATAAATGGGCGCT,0,0,0,1,4,369,424,135,98,60,1,50,315,417,80,96,20,5,5,82,122,21,17,3,2,8,455,333,89,92,87,1,15,275,322,143,214,48,31,467,191,51,211,108,0,16,312,332,86,215,38
CTGAACAAATAAATGGGCGCT,0,0,0,1,4,369,424,135,98,60,1,50,315,417,80,96,20,5,5,82,122,21,17,3,2,8,455,333,89,92,87,1,15,275,322,143,214,48,31,467,191,51,211,108,0,16,312,332,86,215,38
ATCCCGAAGCTTTCTCATCGA,0,0,0,0,3,30,22,6,16,4,0,3,17,21,8,14,6,0,2,17,12,5,6,1,0,1,17,16,4,8,3,0,0,7,15,21,10,1,0,8,4,2,11,4,0,1,14,14,8,5,4
CAATAATCTTATGTCATGCTC,0,0,0,1,0,56,40,31,71,32,0,1,31,63,35,55,17,1,2,6,27,8,9,1,0,5,76,132,41,73,31,0,6,90,81,56,56,29,13,106,93,16,84,88,0,7,130,117,63,84,26
CAGTGACCAGACATGCCACCA,0,1,2,0,36,112,94,32,18,12,1,48,205,161,37,15,9,6,41,240,222,23,26,5,2,4,95,109,16,9,13,1,2,47,204,80,13,2,9,60,13,19,67,15,0,3,62,129,18,19,7
CAATTTGCTACAACTTGGCAC,0,0,0,9,84,8234,4656,826,425,201,37,1003,5594,11598,724,574,175,247,468,4073,7770,214,119,36,45,309,5041,4813,393,104,98,11,355,6175,4076,1076,130,86,736,7521,606,1998,4911,713,5,515,9033,4372,236,225,89
CTGTTCTTCTCTGTCCCTCTA,0,0,0,0,3,27,20,4,2,0,1,7,32,22,2,1,0,1,3,30,29,3,4,1,0,1,17,14,9,3,0,0,1,8,34,8,5,0,1,12,1,2,10,3,0,1,15,26,2,4,1
TATGTAGGTGTAGGGCTCGCA,0,0,0,1,7,74,88,37,36,16,1,17,108,88,43,27,6,0,5,48,33,9,9,1,1,8,147,111,66,74,22,0,5,102,130,65,37,13,7,73,30,19,80,21,1,10,122,104,34,24,18
AGAATGGGCATTTTTAGATCC,0,0,0,0,2,56,52,14,7,0,1,11,34,76,25,16,9,1,3,24,57,3,6,2,1,2,50,80,18,7,11,0,4,60,58,36,29,16,8,65,22,16,58,20,0,6,59,80,23,10,12
TCACACATGCATATGAGGAAG,0,0,0,0,4,27,40,72,46,56,1,3,33,34,41,26,15,1,0,15,25,19,14,3,1,1,18,32,53,23,36,0,1,25,44,58,52,13,3,25,42,4,32,23,0,1,18,35,43,36,14
TCGAGCTCTTCCTCTCGTCGT,0,1,0,0,3,9,21,30,23,16,1,2,12,16,18,19,4,2,2,8,7,8,6,2,0,1,6,2,9,10,4,0,0,4,11,14,6,1,1,6,14,2,6,12,0,1,7,5,9,8,5
TTGTGTATTGTAAGGTTTGGT,0,0,1,0,0,27,17,11,21,28,1,2,16,28,4,18,9,0,2,1,21,6,5,1,0,4,13,23,15,30,6,0,4,39,18,15,19,13,4,26,54,9,24,46,0,4,40,22,10,22,10
GGTTTCTCCACGATGGTGGCT,0,0,0,0,2,12,21,6,0,0,0,1,11,13,4,0,0,1,2,6,4,0,1,0,0,1,17,6,6,1,1,0,1,15,11,1,4,0,1,13,0,2,12,0,0,2,18,14,2,0,0
GCCTGCTTTCTGCTCTGTGTA,0,0,0,0,0,26,17,4,0,0,0,1,26,24,2,1,0,0,0,26,24,2,1,0,0,1,24,15,4,0,0,0,1,13,11,0,0,0,1,12,0,1,9,1,0,1,24,19,2,0,0
ATTCACATGATAGTATTGACT,0,0,0,0,1,21,27,3,2,4,0,1,12,22,0,5,0,0,1,4,11,1,1,0,1,2,21,25,1,7,2,0,2,33,25,6,4,6,4,25,10,4,32,3,0,2,46,28,4,6,4
CATGTAGATGATGTAGGCTCG,0,0,0,0,2,32,43,28,25,24,0,8,87,87,35,19,16,0,2,32,39,13,12,3,0,0,52,58,19,41,13,0,2,37,65,44,22,6,1,51,21,4,57,27,0,1,54,88,20,20,12
TAATCAGGAGATGGCAGCACG,0,0,0,0,2,31,35,27,23,16,0,10,58,44,12,18,10,1,2,31,23,8,12,1,0,1,68,43,19,18,14,0,2,41,50,34,16,11,3,18,31,5,27,22,0,6,54,32,21,13,9
CTGCACAATATAATGACTGTA,0,0,0,0,2,54,45,8,11,12,0,1,21,78,8,16,6,0,1,10,22,3,4,0,1,1,48,92,15,32,16,0,6,71,80,22,19,16,9,121,51,17,120,61,0,4,123,102,17,23,17
ACTCTTCTACTTCTGGCTTGG,0,0,0,0,1,21,18,13,16,16,0,3,36,25,14,15,3,2,11,47,54,19,3,4,1,1,33,12,28,20,9,0,1,15,13,21,23,8,2,21,6,4,19,5,0,1,27,13,11,11,9
